{
  "modality_liklihoods": [
    -58992.441641774531,
    -25647.047430389201,
    -20081.144676365475
  ],
  "num_iteration": 1000,
  "num_modalities": 3,
  "num_topics": 100,
  "total_liklihood": -104720.63374852922
}
